"1";"Jane";"Short";"Glasgow, 4112";"janeshort@gmail.com";"720 528 698";;
"2";"Mike";"Winslow";"Glastonburry, 5555";"mikewinslow@yahoo.com";"+999 999 999 999";;
"4";"roland";"Short";"Glasgow, 4112";"janeshort@gmail.com";"+420 720 528 698";;
"1281227711";"Alan";"Smalling";"Los Angeles, USA";"alan@gmail.com";"758 585 666";;
"1483482208";"Hans";"Wilhelmm";"Stuttgart, Germany";"hans@yahoo.de";" ";;
"1629446412";"Caroline";"Bird";"Massachussets, USA";"caroline@gmail.usa.com";"+001 520 369 502";;
